{"cameraMode":{"drawMode":0,"name":"Shaded","section":"Shading Mode"},"sceneLighting":false,"audioPlay":false,"sceneViewState":{"showFog":true,"showMaterialUpdate":false,"showSkybox":false,"showFlares":true,"showImageEffects":true,"showParticleSystems":true},"in2DMode":false,"pivot":{"x":12.229000091552735,"y":0.9300000071525574,"z":0.8889999389648438},"rotation":{"x":-0.33981281518936159,"y":0.29511547088623049,"z":-0.11321267485618592,"w":-0.8857970237731934},"size":1.0075485706329346,"orthographic":false}