{"cameraMode":{"drawMode":0,"name":"Shaded","section":"Shading Mode"},"sceneLighting":false,"audioPlay":false,"sceneViewState":{"showFog":true,"showMaterialUpdate":false,"showSkybox":false,"showFlares":true,"showImageEffects":true,"showParticleSystems":true},"in2DMode":false,"pivot":{"x":13.989999771118164,"y":1.3340049982070923,"z":15.568355560302735},"rotation":{"x":-0.36593642830848696,"y":0.5951753258705139,"z":-0.3485679030418396,"w":-0.624823808670044},"size":5.471128463745117,"orthographic":false}